date,metric,threshold,value,event,interpretation,source_file
2024-03-31,clc_real_6m,< 1,0.60460346162255,6-month import CLC below 1 in observed CBUAE window,Cash/deposit-like reserve layer does not cover a 6-month implied import-liquidity floor in the observed CBUAE reserve-composition window.,uae_import_liquidity_clc.csv
2025-03-31,cash_deposits_share_of_gross_reserves,< 50%,0.4911855978956214,CBUAE cash/deposits share falls below 50%,Cash/deposit-like reserve layer loses majority status.,cbuae_reserve_composition.csv
2025-06-30,bis_global_usd_liabilities_to_uae,sample high,739.925502,BIS global USD liabilities to UAE reach sample high,Global banking dollar-liability layer to UAE reaches its highest observed value in the BIS sample.,channel_Channel_2_BIS_global_usd_liabilities.csv
2025-06-30,clc_real_3m,< 1,0.9798284439526014,3-month import CLC crosses below 1,Cash/deposit-like reserve layer no longer covers a 3-month implied import-liquidity floor.,uae_import_liquidity_clc.csv
2025-06-30,foreign_investments_bn > cash_deposits_abroad_bn,foreign investments > cash/deposits,foreign_investments=$137.8B; cash_deposits=$113.9B,CBUAE foreign investments exceed cash/deposits,Securities/foreign-investment reserve layer becomes larger than cash/deposit-like liquidity.,cbuae_reserve_composition.csv
2025-09-30,bis_global_usd_liabilities_to_uae,latest observation,725.9824920000001,Latest BIS global USD liabilities to UAE,Latest observed global BIS USD-liability layer remains large relative to official CBUAE reserves.,channel_Channel_2_BIS_global_usd_liabilities.csv
2025-09-30,cash_deposits_share_of_gross_reserves,< 35%,0.3468646961163903,CBUAE cash/deposits share falls below 35%,Cash/deposit-like reserve layer becomes thin relative to gross reserves.,cbuae_reserve_composition.csv
2025-09-30,uae_btar,low scenario > 1,1.3285311544408944,Low-scenario UAE-BTAR exceeds 1 for BIS global USD liabilities to UAE,Even the low encumbrance/leverage scenario is larger than observed Fed balance-sheet absorption for this bucket.,uae_btar_scenarios.csv
2026-02-28,cash_deposits_share_of_gross_reserves,< 25%,0.2435336871354454,CBUAE cash/deposits share falls below 25%,Cash/deposit-like reserve layer approaches hard liquidity minimum.,cbuae_reserve_composition.csv
